Order ID,Product ID
CA-2018-100762,OFF-AR-10000380
CA-2018-100762,OFF-LA-10003930
CA-2018-100762,OFF-PA-10001815
CA-2018-100762,OFF-PA-10004082
CA-2018-100867,TEC-PH-10004922
CA-2018-102652,FUR-FU-10000747
CA-2018-102652,FUR-FU-10001918
CA-2018-102652,OFF-PA-10003309
CA-2018-102652,OFF-PA-10001977
CA-2018-103373,TEC-PH-10002885
CA-2018-103744,OFF-LA-10004425
CA-2018-103744,OFF-BI-10000320
CA-2018-103940,OFF-ST-10004963
CA-2018-103940,OFF-ST-10000943
CA-2018-103940,FUR-FU-10004671
CA-2018-103940,OFF-BI-10002735
CA-2018-104829,OFF-PA-10003016
CA-2018-105270,OFF-AR-10003156
CA-2018-105270,FUR-CH-10000988
CA-2018-108609,FUR-TA-10003954
CA-2018-108861,OFF-BI-10003876
CA-2018-109918,OFF-SU-10004290
CA-2018-109918,OFF-PA-10000174
CA-2018-109918,OFF-BI-10004308
CA-2018-110786,FUR-FU-10000550
CA-2018-110786,OFF-PA-10000528
CA-2018-110786,TEC-MA-10003183
CA-2018-110786,OFF-BI-10003305
CA-2018-110786,TEC-PH-10001425
CA-2018-110786,OFF-LA-10001474
CA-2018-110786,FUR-FU-10000672
CA-2018-111871,FUR-BO-10004218
CA-2018-116785,OFF-AR-10003504
CA-2018-116785,OFF-LA-10000305
CA-2018-123225,TEC-PH-10000895
CA-2018-123225,OFF-PA-10000552
CA-2018-123253,OFF-AR-10002804
CA-2018-123498,OFF-BI-10000632
CA-2018-123498,OFF-EN-10004773
CA-2018-124688,TEC-PH-10000455
CA-2018-124688,FUR-FU-10002456
CA-2018-124688,FUR-TA-10003569
CA-2018-126361,OFF-AP-10003590
CA-2018-126361,OFF-PA-10000806
CA-2018-126361,OFF-AR-10000896
CA-2018-126361,TEC-PH-10002310
CA-2018-126361,OFF-ST-10002289
CA-2018-126361,OFF-BI-10002852
CA-2018-126403,OFF-PA-10001144
CA-2018-126403,FUR-CH-10003761
CA-2018-126403,OFF-PA-10004665
CA-2018-126403,OFF-ST-10000078
CA-2018-126522,OFF-AR-10004042
CA-2018-127012,FUR-FU-10003691
CA-2018-127012,OFF-AR-10003903
CA-2018-127012,OFF-FA-10004854
CA-2018-127131,OFF-BI-10004656
CA-2018-127131,OFF-ST-10002344
CA-2018-127131,OFF-PA-10001800
CA-2018-127131,OFF-ST-10000036
CA-2018-133690,FUR-TA-10004289
CA-2018-133690,OFF-AP-10003622
CA-2018-134726,TEC-AC-10000023
CA-2018-134726,TEC-PH-10001750
CA-2018-135657,FUR-TA-10004086
CA-2018-135699,OFF-PA-10004475
CA-2018-135699,OFF-PA-10003001
CA-2018-140816,TEC-AC-10001539
CA-2018-141726,OFF-PA-10000418
CA-2018-141726,OFF-BI-10001982
CA-2018-141726,OFF-PA-10002230
CA-2018-141726,FUR-FU-10003577
CA-2018-142769,OFF-FA-10000840
CA-2018-142769,FUR-FU-10001918
CA-2018-142769,OFF-SU-10001574
CA-2018-142769,TEC-AC-10001606
CA-2018-142769,TEC-AC-10003399
CA-2018-142769,TEC-AC-10000865
CA-2018-142769,OFF-PA-10002923
CA-2018-142769,OFF-AP-10004785
CA-2018-143336,OFF-AR-10003056
CA-2018-143336,TEC-PH-10001949
CA-2018-143336,OFF-BI-10002215
CA-2018-143840,TEC-PH-10002660
CA-2018-143840,TEC-PH-10003171
CA-2018-148614,OFF-PA-10002893
CA-2018-148614,FUR-FU-10003194
CA-2018-148950,OFF-BI-10001249
CA-2018-148950,OFF-FA-10003059
CA-2018-148950,TEC-AC-10002718
CA-2018-151162,OFF-PA-10001033
CA-2018-151162,OFF-BI-10003719
CA-2018-151162,OFF-PA-10003036
CA-2018-151162,TEC-PH-10001870
CA-2018-151162,TEC-PH-10001809
CA-2018-152345,TEC-PH-10004897
CA-2018-152345,OFF-ST-10003123
CA-2018-153150,OFF-BI-10003355
CA-2018-156349,FUR-BO-10000362
CA-2018-156349,TEC-PH-10000441
CA-2018-156349,TEC-PH-10002726
CA-2018-157924,OFF-ST-10002352
CA-2018-157924,FUR-CH-10000229
CA-2018-159338,FUR-TA-10004147
CA-2018-160766,FUR-TA-10001039
CA-2018-160766,OFF-EN-10001099
CA-2018-160766,TEC-MA-10003979
CA-2018-160766,OFF-AP-10002945
CA-2018-160766,TEC-PH-10001536
CA-2018-160766,TEC-PH-10000526
CA-2018-160766,OFF-PA-10000213
CA-2018-160773,TEC-PH-10004586
CA-2018-160773,OFF-BI-10000546
CA-2018-164721,OFF-AP-10000240
CA-2018-164721,FUR-FU-10001940
CA-2018-164721,OFF-PA-10000575
CA-2018-164861,OFF-PA-10001972
CA-2018-166744,FUR-FU-10004952
CA-2018-166744,FUR-BO-10001337
CA-2018-166744,TEC-AC-10003628
CA-2018-169019,OFF-BI-10004995
CA-2018-169019,FUR-FU-10004666
CA-2018-169019,OFF-BI-10001524
CA-2018-169019,TEC-AC-10002076
CA-2018-169019,OFF-BI-10001679
CA-2018-169019,OFF-AP-10003281
CA-2019-101910,FUR-CH-10002647
CA-2019-103716,OFF-AR-10000658
CA-2019-103716,TEC-PH-10000347
CA-2019-104129,TEC-PH-10003800
CA-2019-104129,FUR-TA-10004152
CA-2019-105158,FUR-FU-10001706
CA-2019-105158,OFF-PA-10001970
CA-2019-107678,FUR-CH-10001891
CA-2019-107678,OFF-BI-10002215
CA-2019-107678,TEC-PH-10002103
CA-2019-107678,FUR-FU-10003394
CA-2019-109736,OFF-PA-10004101
CA-2019-110814,OFF-BI-10002026
CA-2019-110814,FUR-CH-10003535
CA-2019-110814,OFF-PA-10004156
CA-2019-111948,OFF-ST-10003282
CA-2019-111948,OFF-AP-10002311
CA-2019-112144,OFF-LA-10000443
CA-2019-112144,FUR-FU-10004306
CA-2019-113628,OFF-AR-10001246
CA-2019-113628,OFF-BI-10003291
CA-2019-113628,OFF-BI-10002799
CA-2019-113628,FUR-CH-10003298
CA-2019-113628,TEC-PH-10000441
CA-2019-113628,FUR-CH-10004477
CA-2019-114048,FUR-FU-10004351
CA-2019-116092,OFF-PA-10004285
CA-2019-116092,OFF-BI-10001628
CA-2019-116092,OFF-BI-10000546
CA-2019-116092,OFF-AP-10001391
CA-2019-116092,OFF-PA-10000477
CA-2019-119214,OFF-PA-10002893
CA-2019-119214,OFF-LA-10003077
CA-2019-119907,OFF-BI-10001765
CA-2019-123568,OFF-FA-10002701
CA-2019-123568,OFF-PA-10001125
CA-2019-123568,FUR-FU-10004090
CA-2019-123568,OFF-BI-10001510
CA-2019-124058,TEC-PH-10004774
CA-2019-124058,FUR-CH-10000595
CA-2019-130456,FUR-BO-10003893
CA-2019-130456,OFF-ST-10000736
CA-2019-130785,FUR-BO-10000330
CA-2019-130785,OFF-BI-10001900
CA-2019-130785,FUR-BO-10003159
CA-2019-132374,OFF-AR-10001615
CA-2019-132941,OFF-SU-10002557
CA-2019-132941,OFF-PA-10002160
CA-2019-132941,TEC-AC-10003095
CA-2019-134075,FUR-FU-10004597
CA-2019-134075,OFF-ST-10001496
CA-2019-134201,OFF-ST-10001476
CA-2019-134201,OFF-AR-10002804
CA-2019-135580,OFF-PA-10000595
CA-2019-135580,OFF-ST-10000798
CA-2019-135580,TEC-MA-10004002
CA-2019-135580,OFF-EN-10003296
CA-2019-135580,TEC-PH-10004345
CA-2019-138674,OFF-FA-10000304
CA-2019-138674,TEC-AC-10000358
CA-2019-138674,TEC-AC-10002800
CA-2019-139731,TEC-AC-10004975
CA-2019-139731,FUR-CH-10002024
CA-2019-140984,OFF-ST-10000585
CA-2019-140984,TEC-CO-10001571
CA-2019-140984,OFF-BI-10002012
CA-2019-141593,OFF-BI-10001153
CA-2019-141593,OFF-PA-10004983
CA-2019-141593,OFF-BI-10000948
CA-2019-141593,FUR-TA-10002622
CA-2019-142601,OFF-ST-10002756
CA-2019-142601,OFF-PA-10000483
CA-2019-143238,TEC-AC-10003499
CA-2019-143490,OFF-AR-10002952
CA-2019-143490,TEC-PH-10000576
CA-2019-143602,OFF-BI-10002071
CA-2019-144267,FUR-CH-10002335
CA-2019-144267,OFF-PA-10000157
CA-2019-144267,OFF-PA-10001947
CA-2019-144267,OFF-PA-10003657
CA-2019-146255,TEC-AC-10004469
CA-2019-146255,OFF-BI-10000309
CA-2019-146255,OFF-BI-10001765
CA-2019-146255,TEC-PH-10001619
CA-2019-146262,OFF-LA-10004544
CA-2019-146262,FUR-BO-10004695
CA-2019-146262,TEC-PH-10002844
CA-2019-146262,TEC-MA-10000864
CA-2019-146262,TEC-AC-10000109
CA-2019-146486,OFF-ST-10002554
CA-2019-146486,OFF-EN-10001509
CA-2019-146486,TEC-AC-10002018
CA-2019-146486,TEC-AC-10002637
CA-2019-148873,OFF-BI-10003196
CA-2019-148873,TEC-AC-10003657
CA-2019-149342,TEC-PH-10001557
CA-2019-149342,FUR-FU-10002937
CA-2019-149342,OFF-PA-10001166
CA-2019-149636,OFF-PA-10004041
CA-2019-149636,OFF-BI-10002764
CA-2019-149650,FUR-CH-10003956
CA-2019-150770,OFF-AR-10001246
CA-2019-150770,OFF-BI-10002026
CA-2019-150770,TEC-AC-10000844
CA-2019-150770,OFF-BI-10001575
CA-2019-150875,FUR-TA-10000577
CA-2019-150875,TEC-PH-10001254
CA-2019-151547,OFF-SU-10000898
CA-2019-153220,OFF-PA-10003016
CA-2019-154970,FUR-CH-10003396
CA-2019-155761,TEC-AC-10001606
CA-2019-155761,OFF-ST-10000943
CA-2019-156440,FUR-FU-10004090
CA-2019-157770,TEC-PH-10001530
CA-2019-157770,OFF-BI-10000050
CA-2019-157770,TEC-AC-10001552
CA-2019-157770,TEC-AC-10003399
CA-2019-157812,TEC-AC-10000171
CA-2019-157812,OFF-ST-10000736
CA-2019-157812,OFF-BI-10000285
CA-2019-161627,FUR-CH-10003968
CA-2019-162166,OFF-PA-10002606
CA-2019-162166,OFF-ST-10002486
CA-2019-164882,OFF-PA-10000157
CA-2019-164882,OFF-BI-10004519
CA-2019-164882,OFF-AR-10004272
CA-2019-164882,OFF-FA-10000585
CA-2019-164882,FUR-CH-10004218
CA-2019-164882,OFF-SU-10004231
CA-2019-164882,TEC-PH-10001578
CA-2019-164882,OFF-ST-10003638
CA-2019-164882,FUR-BO-10002213
CA-2019-168480,FUR-BO-10000468
CA-2019-168480,OFF-AR-10001044
CA-2019-168564,OFF-BI-10004970
CA-2019-168564,OFF-BI-10002557
CA-2019-168564,FUR-CH-10000785
CA-2019-169397,OFF-FA-10000585
CA-2019-169397,OFF-PA-10004000
CA-2019-169397,OFF-BI-10002852
CA-2019-169397,FUR-FU-10000087
CA-2019-169397,TEC-MA-10001148
CA-2019-169397,OFF-AR-10001958
CA-2020-104689,OFF-AR-10001149
CA-2020-105081,FUR-CH-10000847
CA-2020-105081,FUR-TA-10001307
CA-2020-105291,OFF-FA-10003059
CA-2020-105585,OFF-FA-10002983
CA-2020-105585,OFF-PA-10003625
CA-2020-106950,OFF-BI-10000014
CA-2020-106950,OFF-AP-10000159
CA-2020-106950,OFF-AR-10003560
CA-2020-106950,FUR-TA-10001768
CA-2020-106950,TEC-AC-10002049
CA-2020-106950,OFF-BI-10003166
CA-2020-109806,OFF-AR-10004930
CA-2020-109806,TEC-PH-10004093
CA-2020-109806,OFF-PA-10000304
CA-2020-109869,FUR-FU-10000023
CA-2020-109869,FUR-TA-10001889
CA-2020-109869,OFF-BI-10000315
CA-2020-109869,OFF-SU-10003505
CA-2020-109869,OFF-AP-10002578
CA-2020-111682,OFF-ST-10000604
CA-2020-111682,OFF-PA-10001569
CA-2020-111682,FUR-CH-10003968
CA-2020-111682,OFF-PA-10000587
CA-2020-111682,TEC-AC-10002167
CA-2020-111682,OFF-BI-10001460
CA-2020-111682,OFF-AR-10001868
CA-2020-112123,OFF-BI-10001071
CA-2020-112123,TEC-PH-10001557
CA-2020-112123,OFF-PA-10001977
CA-2020-112340,OFF-PA-10001892
CA-2020-113341,FUR-CH-10004698
CA-2020-114307,OFF-AP-10002350
CA-2020-114307,OFF-PA-10004100
CA-2020-114307,FUR-FU-10000794
CA-2020-114307,OFF-BI-10002012
CA-2020-114727,FUR-CH-10002335
CA-2020-114727,OFF-BI-10004967
CA-2020-114727,FUR-CH-10002331
CA-2020-114727,OFF-ST-10002292
CA-2020-114727,OFF-ST-10000689
CA-2020-115917,FUR-FU-10000576
CA-2020-115917,OFF-BI-10004728
CA-2020-116547,FUR-FU-10000076
CA-2020-116547,TEC-AC-10002335
CA-2020-116736,FUR-FU-10004017
CA-2020-116736,TEC-AC-10003628
CA-2020-116736,TEC-AC-10002049
CA-2020-118311,TEC-AC-10000892
CA-2020-118500,OFF-SU-10004231
CA-2020-118899,FUR-CH-10004754
CA-2020-120873,FUR-CH-10000847
CA-2020-123526,OFF-PA-10002986
CA-2020-124527,OFF-BI-10004967
CA-2020-126529,OFF-PA-10001166
CA-2020-126529,OFF-PA-10003656
CA-2020-126529,TEC-PH-10000148
CA-2020-126732,FUR-FU-10001889
CA-2020-126732,OFF-ST-10000321
CA-2020-126732,TEC-PH-10001530
CA-2020-126732,OFF-AR-10004752
CA-2020-126732,FUR-TA-10001539
CA-2020-126732,OFF-BI-10001553
CA-2020-128671,OFF-PA-10001870
CA-2020-128671,OFF-BI-10003305
CA-2020-128671,OFF-BI-10003007
CA-2020-130477,OFF-PA-10002947
CA-2020-130477,OFF-ST-10002583
CA-2020-130477,OFF-PA-10000019
CA-2020-130638,FUR-FU-10002116
CA-2020-130638,OFF-LA-10002195
CA-2020-130680,TEC-PH-10004833
CA-2020-133319,OFF-PA-10001815
CA-2020-133368,OFF-PA-10004039
CA-2020-133368,FUR-FU-10003374
CA-2020-133802,OFF-BI-10003291
CA-2020-134775,OFF-PA-10004734
CA-2020-134775,OFF-BI-10002225
CA-2020-134803,OFF-AP-10000891
CA-2020-134803,OFF-PA-10003790
CA-2020-134803,TEC-AC-10002217
CA-2020-134803,OFF-BI-10002215
CA-2020-134803,TEC-MA-10001972
CA-2020-136483,OFF-AR-10000940
CA-2020-136924,TEC-PH-10002262
CA-2020-138282,OFF-AP-10001366
CA-2020-139269,FUR-FU-10000755
CA-2020-139269,OFF-PA-10002893
CA-2020-139269,OFF-ST-10000689
CA-2020-142398,FUR-CH-10001545
CA-2020-142398,OFF-BI-10004826
CA-2020-145261,OFF-BI-10001670
CA-2020-145261,OFF-AR-10004078
CA-2020-145261,OFF-PA-10003036
CA-2020-145261,TEC-AC-10000991
CA-2020-145261,FUR-TA-10002530
CA-2020-145261,OFF-LA-10000407
CA-2020-145261,TEC-PH-10004833
CA-2020-145492,OFF-AP-10003622
CA-2020-145583,OFF-PA-10001804
CA-2020-145583,OFF-PA-10001736
CA-2020-145583,OFF-AR-10001149
CA-2020-145583,OFF-FA-10002988
CA-2020-145583,OFF-BI-10004781
CA-2020-145583,OFF-SU-10001218
CA-2020-145583,FUR-FU-10001706
CA-2020-145919,OFF-PA-10003072
CA-2020-145919,FUR-FU-10004960
CA-2020-145919,OFF-SU-10003505
CA-2020-145982,OFF-PA-10000675
CA-2020-145982,FUR-TA-10001307
CA-2020-145982,TEC-PH-10000011
CA-2020-145982,OFF-PA-10002666
CA-2020-145982,OFF-FA-10000735
CA-2020-145982,OFF-BI-10000174
CA-2020-147375,TEC-MA-10002937
CA-2020-147375,OFF-PA-10001970
CA-2020-148796,FUR-CH-10004886
CA-2020-150077,TEC-PH-10002890
CA-2020-151323,OFF-FA-10002983
CA-2020-151372,OFF-PA-10004381
CA-2020-151372,OFF-BI-10000050
CA-2020-151372,OFF-FA-10000304
CA-2020-152814,OFF-PA-10001970
CA-2020-157280,FUR-FU-10004665
CA-2020-157280,TEC-AC-10000057
CA-2020-157280,FUR-FU-10003806
CA-2020-159023,OFF-BI-10002813
CA-2020-159023,TEC-MA-10003337
CA-2020-159212,TEC-PH-10003988
CA-2020-159212,OFF-EN-10002230
CA-2020-159345,OFF-PA-10000806
CA-2020-161746,FUR-CH-10004626
CA-2020-161746,OFF-AR-10000390
CA-2020-161746,FUR-FU-10003731
CA-2020-161746,OFF-ST-10002743
CA-2020-162138,OFF-BI-10004593
CA-2020-162138,TEC-AC-10001908
CA-2020-162159,FUR-CH-10001146
CA-2020-165330,OFF-BI-10004593
CA-2020-165330,OFF-AR-10000914
CA-2020-165330,OFF-PA-10000241
CA-2020-165330,TEC-AC-10000057
CA-2020-165330,FUR-CH-10003774
CA-2020-165330,OFF-BI-10002824
CA-2020-165330,OFF-BI-10004001
CA-2020-165330,FUR-TA-10004619
CA-2020-165330,OFF-ST-10000636
CA-2020-165330,OFF-AP-10001469
CA-2020-165330,OFF-BI-10002897
CA-2020-166275,TEC-AC-10001838
CA-2020-167759,TEC-PH-10003171
CA-2020-168921,OFF-BI-10004209
CA-2021-100111,FUR-CH-10003846
CA-2021-100111,TEC-AC-10002647
CA-2021-100111,OFF-PA-10000807
CA-2021-100111,TEC-AC-10001465
CA-2021-100111,OFF-ST-10000615
CA-2021-100111,OFF-PA-10002713
CA-2021-100111,FUR-CH-10003061
CA-2021-100111,OFF-BI-10000343
CA-2021-100111,OFF-FA-10000304
CA-2021-100111,FUR-CH-10004086
CA-2021-100111,TEC-PH-10002885
CA-2021-100111,FUR-CH-10001215
CA-2021-100111,TEC-PH-10000215
CA-2021-100111,TEC-AC-10001998
CA-2021-101273,OFF-AP-10000804
CA-2021-101574,FUR-FU-10001706
CA-2021-101700,OFF-EN-10003134
CA-2021-101700,FUR-FU-10001025
CA-2021-101805,OFF-BI-10002003
CA-2021-101805,FUR-FU-10000023
CA-2021-101805,OFF-ST-10002756
CA-2021-102519,FUR-FU-10004091
CA-2021-102519,TEC-AC-10001772
CA-2021-103380,OFF-ST-10003442
CA-2021-103380,OFF-AR-10003856
CA-2021-103380,OFF-FA-10004248
CA-2021-103380,OFF-AP-10001492
CA-2021-103380,TEC-PH-10004165
CA-2021-107825,OFF-ST-10001321
CA-2021-107825,OFF-ST-10000777
CA-2021-107825,OFF-LA-10003720
CA-2021-107825,FUR-FU-10000206
CA-2021-108294,OFF-BI-10004965
CA-2021-108931,OFF-PA-10002741
CA-2021-108931,OFF-PA-10003845
CA-2021-109085,FUR-TA-10001086
CA-2021-109085,OFF-BI-10001525
CA-2021-109085,TEC-PH-10000526
CA-2021-109085,FUR-FU-10004973
CA-2021-109085,FUR-CH-10003981
CA-2021-111556,OFF-PA-10003651
CA-2021-111556,FUR-BO-10003159
CA-2021-111556,TEC-PH-10001459
CA-2021-111556,OFF-AR-10004602
CA-2021-112725,OFF-AR-10003759
CA-2021-112725,OFF-AR-10001227
CA-2021-112725,FUR-CH-10000863
CA-2021-112753,FUR-BO-10004015
CA-2021-112753,OFF-PA-10002036
CA-2021-112865,TEC-AC-10000387
CA-2021-113670,FUR-TA-10001705
CA-2021-113670,OFF-PA-10000675
CA-2021-115427,OFF-BI-10002103
CA-2021-115427,OFF-BI-10004632
CA-2021-115994,TEC-AC-10000580
CA-2021-115994,FUR-FU-10003976
CA-2021-117212,OFF-AP-10004532
CA-2021-117212,TEC-PH-10004447
CA-2021-117212,FUR-CH-10003973
CA-2021-117212,OFF-PA-10001970
CA-2021-117212,OFF-PA-10000682
CA-2021-117513,FUR-TA-10001520
CA-2021-117926,OFF-AP-10002670
CA-2021-118122,OFF-BI-10002103
CA-2021-118542,OFF-PA-10004735
CA-2021-118542,OFF-BI-10003429
CA-2021-119284,TEC-PH-10001051
CA-2021-119284,FUR-FU-10004351
CA-2021-119284,FUR-TA-10004152
CA-2021-119284,TEC-PH-10000560
CA-2021-119284,OFF-AP-10004249
CA-2021-119284,OFF-ST-10001490
CA-2021-119284,OFF-PA-10000312
CA-2021-121258,FUR-FU-10000747
CA-2021-121258,TEC-PH-10003645
CA-2021-121258,OFF-PA-10004041
CA-2021-121853,OFF-PA-10003641
CA-2021-121853,FUR-CH-10003973
CA-2021-121853,OFF-BI-10000977
CA-2021-122007,OFF-AP-10000358
CA-2021-122504,TEC-AC-10003289
CA-2021-122504,TEC-PH-10002468
CA-2021-123085,TEC-AC-10000990
CA-2021-123085,FUR-CH-10003968
CA-2021-123491,OFF-LA-10003077
CA-2021-123491,TEC-PH-10003505
CA-2021-123491,OFF-PA-10003424
CA-2021-123491,FUR-CH-10003061
CA-2021-123491,OFF-AR-10003514
CA-2021-123491,OFF-AP-10002684
CA-2021-124401,OFF-ST-10000649
CA-2021-124401,TEC-AC-10002926
CA-2021-127306,OFF-EN-10001219
CA-2021-127306,OFF-PA-10000019
CA-2021-127306,TEC-PH-10001924
CA-2021-127306,OFF-BI-10002003
CA-2021-127306,OFF-BI-10003727
CA-2021-128965,OFF-PA-10004911
CA-2021-128965,OFF-LA-10001404
CA-2021-128965,OFF-FA-10001561
CA-2021-128965,TEC-AC-10001383
CA-2021-128965,OFF-LA-10003190
CA-2021-128965,FUR-CH-10003774
CA-2021-129707,OFF-AR-10000246
CA-2021-130631,OFF-FA-10000089
CA-2021-130631,FUR-FU-10004093
CA-2021-131492,OFF-EN-10002973
CA-2021-131492,OFF-LA-10001641
CA-2021-131492,FUR-FU-10003878
CA-2021-131492,FUR-TA-10003837
CA-2021-131618,OFF-PA-10001892
CA-2021-131618,OFF-BI-10000546
CA-2021-131618,OFF-BI-10001294
CA-2021-131807,FUR-CH-10001190
CA-2021-131807,OFF-FA-10002780
CA-2021-131807,OFF-AP-10004052
CA-2021-131807,FUR-FU-10004666
CA-2021-131807,FUR-TA-10004086
CA-2021-131807,TEC-PH-10000702
CA-2021-131828,FUR-CH-10004495
CA-2021-131828,TEC-PH-10002923
CA-2021-132346,OFF-AP-10000696
CA-2021-134194,OFF-BI-10003684
CA-2021-134194,OFF-SU-10000946
CA-2021-134194,OFF-AR-10001615
CA-2021-134194,OFF-BI-10001597
CA-2021-134194,OFF-BI-10001116
CA-2021-135692,OFF-LA-10001158
CA-2021-135692,FUR-BO-10002268
CA-2021-136308,TEC-MA-10000488
CA-2021-136539,OFF-AR-10001958
CA-2021-136539,FUR-BO-10004709
CA-2021-136651,FUR-FU-10002445
CA-2021-136651,OFF-BI-10003638
CA-2021-136651,FUR-FU-10004864
CA-2021-137085,OFF-BI-10000632
CA-2021-137099,TEC-PH-10002496
CA-2021-137414,FUR-FU-10001424
CA-2021-137414,TEC-MA-10002930
CA-2021-137428,FUR-CH-10002774
CA-2021-137428,FUR-CH-10003817
CA-2021-137428,OFF-BI-10002949
CA-2021-137428,FUR-FU-10002445
CA-2021-138163,OFF-AR-10001958
CA-2021-140053,FUR-FU-10003708
CA-2021-140151,OFF-ST-10001558
CA-2021-140151,OFF-PA-10002986
CA-2021-140151,TEC-CO-10004722
CA-2021-140186,OFF-FA-10002280
CA-2021-140186,FUR-CH-10002961
CA-2021-140186,OFF-AP-10002578
CA-2021-140186,FUR-FU-10004848
CA-2021-140186,OFF-BI-10003364
CA-2021-140585,OFF-BI-10003364
CA-2021-140585,FUR-BO-10002206
CA-2021-140585,TEC-AC-10003610
CA-2021-140963,OFF-LA-10003923
CA-2021-140963,FUR-BO-10001337
CA-2021-140963,TEC-PH-10001924
CA-2021-141929,OFF-BI-10004632
CA-2021-141929,TEC-PH-10002185
CA-2021-141929,OFF-ST-10002974
CA-2021-142328,OFF-PA-10000380
CA-2021-142342,OFF-PA-10004609
CA-2021-142342,OFF-EN-10002592
CA-2021-142342,OFF-ST-10002957
CA-2021-142342,FUR-BO-10002613
CA-2021-142867,OFF-BI-10003166
CA-2021-142867,OFF-PA-10004610
CA-2021-142888,FUR-TA-10004767
CA-2021-143084,OFF-AR-10002766
CA-2021-143084,OFF-EN-10003072
CA-2021-144064,OFF-LA-10004544
CA-2021-144064,OFF-ST-10004507
CA-2021-144064,OFF-BI-10002012
CA-2021-145128,FUR-FU-10000293
CA-2021-145772,TEC-AC-10003038
CA-2021-145772,OFF-PA-10001593
CA-2021-145772,OFF-BI-10002049
CA-2021-147452,OFF-PA-10001838
CA-2021-147452,OFF-PA-10004039
CA-2021-147452,OFF-AP-10001626
CA-2021-150609,OFF-BI-10002071
CA-2021-150910,FUR-TA-10002903
CA-2021-150910,TEC-AC-10001013
CA-2021-150910,OFF-ST-10000918
CA-2021-150910,OFF-AR-10001419
CA-2021-150910,OFF-AP-10003266
CA-2021-152660,OFF-ST-10000532
CA-2021-153822,OFF-ST-10000321
CA-2021-153822,TEC-AC-10000109
CA-2021-153822,TEC-PH-10002415
CA-2021-153822,OFF-BI-10001460
CA-2021-154074,FUR-CH-10002331
CA-2021-154074,OFF-ST-10002370
CA-2021-154214,FUR-FU-10000206
CA-2021-154949,OFF-LA-10002034
CA-2021-155712,OFF-BI-10004224
CA-2021-156391,OFF-AR-10003251
CA-2021-156958,OFF-BI-10001524
CA-2021-156958,FUR-FU-10003268
CA-2021-156958,TEC-PH-10000148
CA-2021-156958,OFF-BI-10001543
CA-2021-156958,OFF-BI-10002071
CA-2021-157196,OFF-PA-10003172
CA-2021-158729,OFF-SU-10002881
CA-2021-159954,OFF-BI-10004876
CA-2021-161459,TEC-PH-10004071
CA-2021-161459,OFF-PA-10002377
CA-2021-161557,FUR-FU-10004622
CA-2021-161956,FUR-FU-10002937
CA-2021-161956,OFF-AP-10001242
CA-2021-161956,TEC-CO-10001571
CA-2021-161956,OFF-SU-10002503
CA-2021-161956,FUR-CH-10004886
CA-2021-161956,OFF-PA-10001289
CA-2021-161956,OFF-BI-10003650
CA-2021-161956,OFF-ST-10001370
CA-2021-162015,TEC-AC-10003832
CA-2021-162015,OFF-AP-10003040
CA-2021-165008,OFF-BI-10002794
CA-2021-165491,TEC-AC-10000358
CA-2021-166093,OFF-EN-10003134
CA-2021-166093,TEC-PH-10002564
CA-2021-166093,OFF-PA-10003893
CA-2021-166093,OFF-BI-10000174
CA-2021-166093,OFF-AP-10001058
CA-2021-166093,OFF-ST-10001496
CA-2021-166093,OFF-BI-10004230
CA-2021-166142,OFF-BI-10004094
CA-2021-166142,FUR-TA-10004607
CA-2021-166898,TEC-PH-10002564
CA-2021-166898,OFF-PA-10002262
CA-2021-167003,FUR-TA-10001520
CA-2021-167395,OFF-AP-10001293
CA-2021-167395,TEC-PH-10004977
CA-2021-167395,OFF-SU-10001935
CA-2021-168193,OFF-PA-10002254
CA-2021-168193,FUR-FU-10002554
CA-2021-169327,OFF-AP-10001492
CA-2021-169327,FUR-FU-10004188
CA-2021-169327,OFF-BI-10004330
CA-2021-169859,FUR-FU-10004963
CA-2021-169859,OFF-BI-10000174
CA-2021-169859,OFF-EN-10000461
CA-2021-169894,OFF-BI-10004230
CA-2021-169894,OFF-ST-10000060
US-2018-105137,TEC-MA-10002694
US-2018-105137,OFF-BI-10002429
US-2018-138758,FUR-CH-10002880
US-2018-138758,FUR-FU-10003039
US-2018-140452,OFF-AP-10004036
US-2018-140452,FUR-TA-10004086
US-2018-140452,TEC-PH-10000307
US-2018-140452,FUR-FU-10002088
US-2018-140452,OFF-BI-10004965
US-2018-140452,OFF-ST-10002485
US-2018-143287,OFF-PA-10001776
US-2018-143287,OFF-PA-10004039
US-2018-143287,OFF-SU-10001574
US-2018-150574,OFF-BI-10000773
US-2018-150574,TEC-AC-10002600
US-2018-164406,OFF-AP-10003287
US-2018-164406,OFF-PA-10000167
US-2018-164406,OFF-BI-10002309
US-2018-164406,OFF-BI-10003638
US-2018-164406,FUR-CH-10003833
US-2018-164763,OFF-BI-10000605
US-2018-164763,OFF-BI-10000309
US-2018-164763,OFF-PA-10003349
US-2018-164763,OFF-PA-10003063
US-2018-164763,OFF-AP-10003971
US-2019-110569,OFF-BI-10001036
US-2019-110569,OFF-AP-10004708
US-2019-126214,FUR-TA-10003748
US-2019-126214,TEC-AC-10003198
US-2019-128090,OFF-AR-10002255
US-2019-128090,TEC-PH-10002624
US-2019-128090,OFF-PA-10001878
US-2019-128090,OFF-LA-10000452
US-2019-136749,FUR-FU-10000747
US-2019-136749,OFF-BI-10004492
US-2019-136987,TEC-CO-10001943
US-2019-136987,OFF-PA-10003127
US-2019-137008,OFF-PA-10001295
US-2019-137008,OFF-EN-10002500
US-2019-137008,TEC-AC-10000892
US-2019-160857,FUR-FU-10001095
US-2019-160857,OFF-SU-10000157
US-2019-160857,FUR-CH-10002647
US-2019-160857,TEC-CO-10004115
US-2019-160857,OFF-PA-10003363
US-2020-105578,OFF-BI-10001670
US-2020-105578,OFF-BI-10001658
US-2020-105578,FUR-CH-10001215
US-2020-105578,OFF-BI-10000831
US-2020-105578,OFF-PA-10000357
US-2020-108455,OFF-PA-10002262
US-2020-108455,OFF-PA-10002464
US-2020-108455,OFF-ST-10002214
US-2020-111528,OFF-ST-10001526
US-2020-111528,OFF-BI-10002194
US-2020-114230,OFF-ST-10000876
US-2020-114293,FUR-CH-10003833
US-2020-115952,OFF-BI-10004654
US-2020-119046,OFF-PA-10000246
US-2020-119046,OFF-BI-10001078
US-2020-119046,OFF-BI-10000138
US-2020-127425,TEC-PH-10003442
US-2020-127425,TEC-AC-10002800
US-2020-131149,OFF-ST-10000689
US-2020-131149,OFF-AR-10002135
US-2020-135720,OFF-ST-10001963
US-2020-135720,TEC-AC-10001267
US-2020-135720,TEC-PH-10002103
US-2020-140172,OFF-AP-10004233
US-2020-140172,OFF-AR-10002766
US-2020-144057,OFF-ST-10001490
US-2020-144057,OFF-BI-10002852
US-2020-144057,OFF-AP-10000390
US-2020-144057,OFF-PA-10004327
US-2020-144057,OFF-BI-10002353
US-2020-148957,OFF-LA-10002195
US-2020-151827,TEC-PH-10002789
US-2020-151827,TEC-AC-10003289
US-2020-152051,FUR-CH-10002965
US-2020-152051,OFF-BI-10004781
US-2020-152051,OFF-ST-10001713
US-2020-156986,TEC-PH-10003800
US-2020-156986,OFF-PA-10002005
US-2020-156986,OFF-BI-10002498
US-2020-156986,OFF-PA-10004101
US-2020-157490,TEC-MA-10001695
US-2020-157490,OFF-BI-10002824
US-2020-157490,OFF-BI-10002571
US-2020-157490,TEC-AC-10001553
US-2021-103247,TEC-PH-10003555
US-2021-103247,OFF-BI-10004492
US-2021-103828,OFF-ST-10001325
US-2021-103828,OFF-AP-10004249
US-2021-103828,OFF-AR-10000588
US-2021-103828,OFF-SU-10000946
US-2021-105046,TEC-PH-10004536
US-2021-105046,OFF-PA-10004353
US-2021-105046,FUR-FU-10004848
US-2021-107888,OFF-PA-10001363
US-2021-107888,FUR-FU-10003394
US-2021-107888,TEC-PH-10003171
US-2021-107888,OFF-ST-10003123
US-2021-109253,OFF-AR-10000203
US-2021-109253,TEC-PH-10004667
US-2021-109253,FUR-FU-10000193
US-2021-109253,FUR-TA-10001539
US-2021-109253,OFF-BI-10000962
US-2021-109253,OFF-AP-10002867
US-2021-109253,OFF-LA-10001158
US-2021-118087,FUR-CH-10004860
US-2021-118087,OFF-BI-10002432
US-2021-118087,OFF-BI-10000069
US-2021-118087,OFF-AR-10003602
US-2021-118087,TEC-AC-10004469
US-2021-118087,FUR-FU-10001867
US-2021-118087,TEC-AC-10003174
US-2021-118087,TEC-PH-10002200
US-2021-123834,FUR-TA-10001676
US-2021-136679,TEC-AC-10004855
US-2021-136679,OFF-AR-10003582
US-2021-147886,OFF-PA-10000232
US-2021-147886,FUR-FU-10001095
US-2021-147886,TEC-MA-10004679
US-2021-147886,OFF-PA-10003651
US-2021-147886,OFF-PA-10000743
US-2021-147886,OFF-ST-10002743
US-2021-147886,FUR-FU-10003829
US-2021-147998,OFF-BI-10002082
US-2021-151127,OFF-AR-10002445
US-2021-155999,TEC-PH-10000439
US-2021-155999,OFF-BI-10000404